PUT,2024-12-06,,16,false,false
PUT,2024-12-06,,8,false,false
PUT,2024-12-07,,11,false,false
BUN,2024-12-07,,26,false,false
BUN,2024-12-08,,11,false,false
PUT,2024-12-21,,18,false,false
PUT,2024-12-21,,16,false,false
PUT,2024-12-23,,17,true,false
PUT,2024-12-26,,30,true,false
PUT,2024-12-26,,26,true,false
PUT,2024-12-27,,26,false,false
PUT,2024-12-27,,22,false,false
BUN,2024-12-29,11:30,20,false,false
BUN,2024-12-29,14:45,13,false,false
PUT,2024-12-30,,16,false,false
BUN,2024-12-30,,19,false,false
PUT,2024-12-31,,27,true,false
BUN,2024-12-31,,12,true,false
PUT,2024-12-22,,18,false,false
PUT,2024-12-22,,16,false,false
PUT,2024-12-27,,20,false,false
